h_team,a_team,time,h_score,a_score,cancelled,h_shots,h_shots_on_target,h_possession,h_tackles,h_fouls,h_corners,h_shot_acc,h_pass_acc,a_shots,a_shots_on_target,a_possession,a_tackles,a_fouls,a_corners,a_shot_acc,a_pass_acc,filename,h_penalty_score,a_penalty_score
tmMiLK CF,Tjappies FC,34.29,-1,-1,True,2,2,40,2,0,0,100,86,5,4,60,6,2,0,80,86,WL-6.jpg,,
Tjappies FC,VfL Dreamteam,63.52,-1,-1,True,3,3,58,12,1,0,100,87,2,2,42,13,1,1,100,90,WL227.jpg,,
GoD BLeSs,Tjappies FC,120:00,2,4,False,8,7,48,16,1,3,87,87,13,8,52,21,2,2,61,87,WL192.jpg,,
fc goallassoo,Tjappies FC,45.00,-1,-1,True,2,1,47,1,1,0,50,91,4,2,53,5,1,0,50,95,WL233.jpg,,
stelios,Tjappies FC,20:55,-1,-1,True,0,0,46,1,0,0,0,76,2,2,54,5,0,1,100,85,WL186.jpg,,
Tjappies FC,FCNACRACOVICqq,90:00,3,1,False,7,4,55,6,0,1,57,91,4,2,45,5,0,1,50,87,WL151.jpg,,
1PLIKATION,FCT x BVB,90:00,2,4,False,3,3,46,8,2,0,100,86,6,6,54,8,2,3,100,85,10-11-2020_16-35-50-t3jpwv10.png,,
Tjappies FC,FC Dybalouch,28.20,-1,-1,True,2,2,53,2,0,0,100,93,1,0,47,2,0,1,0,92,WL145.jpg,,
Tjappies FC,Team xFoley,120:00,-1,2,False,8,6,45,13,0,1,75,94,5,4,55,8,1,0,80,94,WL179.jpg,0.0,0.0
Tjappies FC,TUS 1860 STERRE,90:00,7,0,False,12,11,47,14,1,1,91,90,2,1,53,12,1,1,50,84,WL-23.jpg,,
Chelsea,Tjappies FC,90:00,1,5,False,3,3,44,16,1,2,100,78,14,10,56,16,2,1,71,91,WL78.jpg,,
Beast Xl,Tjappies FC,90:00,1,2,False,5,4,49,9,0,0,80,86,8,6,51,10,2,1,75,89,WL-37.jpg,,
La Bella Gente,Tjappies FC,120:00,-1,3,False,7,7,51,13,2,1,100,89,6,4,49,9,2,2,66,90,WL353.jpg,0.0,0.0
Parla Cf,Tjappies FC,90:00,2,0,False,10,8,61,2,0,4,80,95,2,1,39,17,1,1,50,85,WL93.jpg,,
Tjappies FC,Ctrl Alt DeLigt,65.54,-1,-1,True,11,9,60,8,0,5,81,90,1,1,40,5,0,0,100,86,WL87.jpg,,
ALBY IF,Tjappies FC,32.06,-1,-1,True,2,0,47,4,0,1,0,88,3,3,53,6,0,0,100,92,WL347.jpg,,
FC Rave,Tjappies FC,90:00,1,3,False,5,3,46,11,1,2,60,89,10,8,54,11,2,2,80,93,WL4.jpg,,
The BeefPasties,Tjappies FC,4.40,-1,-1,True,0,0,41,0,0,0,0,91,1,1,59,3,0,0,100,85,FIFA 21 FUT Champions (In Menus)_71.jpg,,
ac,Tjappies FC,2.07,-1,-1,True,0,0,13,1,0,0,0,33,1,1,87,1,0,0,100,100,FIFA 21 FUT Champions (In Menus)_65.jpg,,
Green Brigade,Tjappies FC,14.49,-1,-1,True,1,0,44,0,0,0,0,92,3,2,56,2,0,0,66,92,WL5.jpg,,
1 Fc Koeln,Tjappies FC,90:00,1,2,False,4,4,50,9,2,1,100,88,3,2,50,7,5,1,66,84,WL86.jpg,,
HARVEY FC,FCT x BVB,17.01,-1,-1,True,0,0,42,3,1,0,0,88,2,2,58,2,0,0,100,96,10-11-2020_16-35-42-s4etg1gd.png,,
Tjappies FC,Despa City,90:00,1,2,False,10,5,55,8,0,4,50,88,5,4,45,9,1,2,80,86,WL346.jpg,,
Tjappies FC,Unterstall,76.24,-1,-1,True,2,2,45,11,0,0,100,91,0,0,55,11,0,1,0,88,WL352.jpg,,
FC OILTJERT,Tjappies FC,120:00,5,74,False,9,7,59,13,1,1,77,90,6,5,41,12,2,1,83,88,FIFA 21 FUT Champions (In Menus)_59.jpg,,
ASM red ,Tjappies FC,90:00,0,1,False,4,4,49,9,3,1,100,86,3,3,51,6,1,3,100,84,WL92.jpg,,
Tjappies FC,SjuulMonster,90:00,4,1,False,9,7,58,20,1,0,77,92,1,1,42,20,0,0,100,87,WL-36.jpg,,
Tjappies FC,TheMau13,90:00,1,0,False,4,3,48,11,1,0,75,89,7,4,52,15,1,3,57,94,WL-22.jpg,,
Tjappies FC,castilla fc,17.44,-1,-1,True,5,5,66,4,0,0,100,96,0,0,34,4,0,0,0,82,WL332(1).jpg,,
Tjappies FC,Random FU,31.53,-1,-1,True,3,3,59,6,0,0,100,90,2,1,41,6,0,1,50,84,WL178.jpg,,
VyprostovakSVK,Tjappies FC,120:00,-1,71,False,1,1,51,24,2,2,100,89,4,2,49,10,2,3,50,91,WL144.jpg,0.0,0.0
Tjappies FC,Stoke Stysiu,22:18,-1,-1,True,3,2,61,1,0,1,66,94,0,0,39,3,0,0,0,84,WL150.jpg,,
FCT x BVB,Ethans Xl,37.20,-1,-1,True,3,3,60,5,1,0,100,88,0,0,40,7,0,0,0,76,10-11-2020_16-35-40-hbck5m2s.png,,
Eintrachtfalk,Tjappies FC,73.48,-1,-1,True,5,5,48,1,1,3,100,84,12,9,52,5,1,5,75,89,WL187.jpg,,
FC MOSB,Tjappies FC,90:00,0,4,False,3,2,44,9,0,1,66,88,8,6,56,13,0,1,75,88,WL-7.jpg,,
GET U MAD,Tjappies FC,33:38,-1,-1,True,0,0,48,4,0,0,0,88,4,4,52,3,0,1,100,91,WL193.jpg,,
Nordic United,FCT x BVB,90:00,2,4,False,7,5,56,12,0,1,71,89,10,8,44,13,2,0,80,85,22-10-2020_13-54-51-nhagjzs4.png,,
Tjappies FC,Babu Xl,90:00,8,1,False,11,9,57,10,0,0,81,94,9,6,43,10,3,4,66,85,WL232.jpg,,
GOLIA TEAM,Tjappies FC,90:00,4,2,False,9,7,54,11,1,3,77,85,8,8,46,7,0,3,100,87,WL226.jpg,,
Tjappies FC,Solo FC,12.01,-1,-1,True,2,2,76,2,0,0,100,93,0,0,24,2,0,0,0,100,WL230.jpg,,
Tjappies FC,Nikil,45.00,-1,1,False,3,2,59,11,0,0,66,90,2,1,41,7,1,0,50,93,WL224.jpg,,
Whateverton FC,Tjappies FC,90:00,1,3,False,6,3,49,11,1,2,50,87,6,5,51,14,1,0,83,83,WL218.jpg,,
AC vostra,Tjappies FC,90:00,0,11,False,2,2,45,14,1,2,100,86,19,16,55,16,1,4,84,93,WL185.jpg,,
Tjappies FC,Juanita,32:18,-1,-1,True,5,5,50,1,0,1,100,91,2,1,50,2,0,1,50,93,WL191.jpg,,
Inazuma eleven,Tjappies FC,90.00,3,1,False,8,5,46,17,1,1,62,83,5,4,54,14,2,1,80,87,WL-5.jpg,,
Xantom CF,Tjappies FC,90:00,2,3,False,3,2,39,14,2,1,66,85,7,5,61,14,1,1,71,92,WL146.jpg,,
Fc Teamplay,Tjappies FC,7.57,-1,-1,True,0,0,37,0,0,0,0,81,2,1,63,0,0,0,50,100,WL152.jpg,,
Bizbiff FC,Tjappies FC,90:00,2,1,False,2,2,46,14,2,0,100,86,5,1,54,19,1,1,20,86,WL53.jpg,,
Iri FC,Tjappies FC,90:00,1,5,False,5,2,51,11,0,2,40,86,9,7,49,13,2,0,77,88,WL-34.jpg,,
Tjappies FC,Schnabelinho FC,90:00,4,3,False,7,6,56,14,0,1,85,86,6,6,44,18,3,3,100,85,WL-20.jpg,,
Tjappies FC,Coventry,90:00,2,1,False,4,2,51,10,0,1,50,85,3,2,49,11,2,1,66,92,WL344.jpg,,
2605 Serranos,Tjappies FC,120:00,-1,2,False,7,5,49,13,0,3,71,89,8,6,51,14,2,4,75,89,WL84.jpg,0.0,0.0
COCOSALIH,Tjappies FC,90:00,4,2,False,6,4,41,10,0,1,66,84,4,3,59,5,1,1,75,86,WL90.jpg,,
Tjappies FC,Sefton County,90:00,3,1,False,3,3,49,8,0,1,100,88,5,5,51,15,3,1,100,86,WL350.jpg,,
La Street,Tjappies FC,90:00,2,3,False,5,4,39,10,0,0,80,86,12,6,61,13,1,2,50,88,FIFA 21 FUT Champions (In Menus)_73.jpg,,
Tjappies FC,Beast United,8.28,-1,-1,True,1,1,78,1,0,0,10,100,0,0,22,0,0,0,0,100,WL7.jpg,,
halbany fc,Tjappies FC,27.47,-1,-1,True,0,0,45,4,0,0,0,83,9,8,55,1,0,3,88,94,FIFA 21 FUT Champions (In Menus)_67.jpg,,
Goebel,Tjappies FC,31.41,-1,-1,True,0,0,40,4,0,1,0,75,7,6,60,5,1,2,85,93,WL6.jpg,,
Tjappies FC,Betze1900,90:00,3,1,False,8,4,56,9,2,2,50,89,5,1,44,13,1,0,20,84,WL91.jpg,,
SGAuba,Tjappies FC,85.44,-1,-1,True,7,5,43,13,1,3,71,81,11,9,57,12,0,3,81,92,WL351.jpg,,
Tjappies FC,CEBOLLITAS FC,65:13,-1,-1,True,5,4,46,9,1,0,80,87,2,1,54,4,1,0,50,93,WL345.jpg,,
Jayyusiii ,Tjappies FC,57.48,-1,-1,True,5,5,48,8,1,1,100,85,8,5,52,5,0,1,62,92,WL33(1).jpg,,
Gelsenkirchen,Tjappies FC,120:00,2,5,False,6,5,49,20,1,1,83,88,13,11,51,16,0,3,84,89,WL85.jpg,,
Tjappies FC,Team PF2,12.18,-1,-1,True,2,2,54,0,0,0,100,100,0,0,46,1,0,0,0,90,WL-21.jpg,,
Tjappies FC,Turkey5u61,7.21,-1,-1,True,2,2,73,1,0,1,100,87,0,0,27,1,0,0,0,75,WL-35.jpg,,
FCT x BVB,FC Sowerzz,90:00,5,2,False,9,8,40,9,0,2,88,93,4,3,60,12,1,1,75,89,22-10-2020_13-54-41-2ol1xax2.png,,
LA SQUAD,FCT x BVB,90:00,2,5,False,10,5,52,15,3,0,50,84,7,7,48,9,2,0,100,82,22-10-2020_13-54-53-4ffoe2cu.png,,
Tjappies FC,The predator,72.05,-1,-1,True,6,6,59,9,1,0,100,92,6,4,41,5,1,2,66,86,WL52.jpg,,
Tjappies FC,NetsixAndChill,90:00,2,0,False,9,7,47,9,2,1,77,94,3,2,53,6,1,1,66,90,FIFA 21 FUT Champions (In Menus)_99.jpg,,
Team Mungui,Tjappies FC,90:00,3,0,False,9,6,49,12,1,2,66,90,2,2,51,10,1,0,100,92,WL153.jpg,,
Tamus,Tjappies FC,90:00,3,6,False,5,4,54,5,0,1,80,89,9,8,46,11,1,2,88,85,WL147.jpg,,
Alvarolm,Tjappies FC,15.31,-1,-1,True,0,0,40,1,0,0,0,81,4,2,60,1,0,0,50,100,WL190.jpg,,
PERICOS BLANCOS,Tjappies FC,30:18,-1,-1,True,1,0,44,6,0,0,0,80,3,3,56,7,0,0,100,92,WL-4.jpg,,
Luuk Le9end,Tjappies FC,90:00,1,4,False,4,3,50,11,1,1,75,85,8,6,50,14,1,0,75,91,WL184.jpg,,
El Pibe De Oro,Tjappies FC,16.23,-1,-1,True,2,2,46,2,0,0,100,86,2,2,54,2,1,0,100,85,WL219.jpg,,
Turboschnecken,Tjappies FC,45.00,-1,-1,True,3,1,37,4,0,0,33,89,4,3,63,3,1,1,75,96,WL225.jpg,,
Tjappies FC,DZZ GANG,90:00,3,1,False,8,7,56,12,0,0,87,90,4,3,44,13,0,1,75,85,WL231.jpg,,
Thiago To Glory,FCT x BVB,20:08,-1,-1,True,1,1,37,2,0,0,100,93,3,3,63,1,0,0,100,90,10-11-2020_16-35-50-2uhbyqj4.png,,
Tjappies FC,Jojoalex2u,90:00,1,0,False,5,5,54,11,1,2,100,91,5,3,46,19,0,0,60,83,Q48.jpg,,
FC Traube Minze,Tjappies FC,74.50,-1,-1,True,4,4,46,6,1,0,100,84,9,5,54,9,0,2,55,88,WL209.jpg,,
Tjappies FC,Lio Bros,90:00,1,2,False,7,6,52,1,1,4,85,90,5,5,48,12,0,1,100,92,WL235.jpg,,
MINABO DE KIEV,Tjappies FC,6.50,-1,-1,True,0,0,46,0,0,0,0,90,1,1,54,0,0,0,100,90,WL221.jpg,,
Woodys Xl,FCT x BVB,90:00,1,3,False,3,2,53,9,0,0,66,89,7,6,47,17,2,0,85,86,10-11-2020_16-35-40-12q20rtg.png,,
Portgas D Ace,Tjappies FC,90:00,2,3,False,5,3,44,1,1,0,60,91,10,6,56,10,0,4,60,91,WL180.jpg,,
Bolzplatzkind,Tjappies FC,90:00,3,2,False,9,8,55,18,0,3,88,88,6,6,45,13,1,1,100,88,WL194.jpg,,
Tjappies FC,ScGermania1993,120:00,-1,4,False,11,8,52,11,1,4,72,92,9,5,48,23,1,1,55,85,WL143.jpg,0.0,0.0
Dreamchasers Fc,Tjappies FC,8.59,-1,1,False,0,0,29,0,1,0,0,85,2,2,71,2,0,0,100,100,WL157.jpg,,
Charcul9,Tjappies FC,15.02,-1,-1,True,0,0,45,1,0,0,0,96,3,3,55,1,0,1,100,93,WL-31.jpg,,
Tjappies FC,FRAN TEAM,30:34,-1,-1,True,4,4,54,0,0,2,100,87,5,1,46,6,0,3,20,83,WL-25.jpg,,
je,Tjappies FC,45.00,-1,-1,True,0,0,45,5,0,0,0,82,7,6,55,5,0,2,85,91,FIFA 21 FUT Champions (In Menus)_89.jpg,,
SV Martinshoehe,Tjappies FC,90:00,3,1,False,8,7,51,12,2,3,87,89,4,4,49,14,3,0,100,85,WL56.jpg,,
Tjappies FC,Sportclub RSN,41:14,-1,-1,True,4,-1,65,4,1,0,100,93,2,1,35,6,1,1,50,83,WL2.jpg,,
KAMEHAMEHA,Tjappies FC,120:00,-1,2,False,9,6,49,15,3,3,66,87,7,6,51,9,2,0,85,89,WL-19.jpg,0.0,0.0
James Is Ugly,FCT x BVB,17.29,-1,-1,True,0,0,39,4,0,0,0,77,5,3,61,1,0,2,60,87,22-10-2020_13-54-46-a15sccza.png,,
3V city FC,Tjappies FC,90:00,0,1,False,4,1,46,6,0,1,25,86,6,3,54,8,1,3,50,85,WL81.jpg,,
Tjappies FC,BUMDER ATHLETIC,15.27,-1,-1,True,1,1,72,2,0,0,100,100,0,0,28,2,0,0,0,66,WL341.jpg,,
FC Goersroth,Tjappies FC,120:00,2,4,False,3,3,42,10,0,1,100,83,9,7,58,9,3,4,77,88,WL355.jpg,,
Tjappies FC,RCD CORUNA,84.32,-1,-1,True,7,4,55,11,1,0,57,79,5,4,45,14,3,2,80,79,WL95.jpg,,
XXXSantiMina,Tjappies FC,34.50,-1,-1,True,2,1,51,5,0,1,50,89,2,2,49,3,1,0,100,91,WL354.jpg,,
Lila Omega 0G,Tjappies FC,57.03,-1,-1,True,3,2,56,5,0,1,66,95,2,2,44,8,1,0,100,88,WL94.jpg,,
Fifa N Chill,Tjappies FC,23.57,-1,-1,True,1,0,42,6,1,1,0,73,2,2,58,5,0,0,100,89,WL80.jpg,,
HA HA HANDICUP,Tjappies FC,90:00,2,4,False,2,2,42,9,1,0,100,88,7,5,58,13,1,1,71,91,WL340.jpg,,
Tjappies FC,Killas FC,35:16,-1,-1,True,7,5,55,0,1,1,71,94,2,1,45,5,0,2,50,72,FIFA 21 FUT Champions (In Menus)_63.jpg,,
K9 UNiit,Tjappies FC,81.22,-1,-1,True,3,0,41,3,1,0,0,87,7,5,59,10,1,2,71,88,WL3.jpg,,
Tjappies FC,BvB Dortmund,90:00,4,2,False,8,6,56,7,1,2,75,93,12,10,44,10,2,1,83,89,FIFA 21 FUT Champions (In Menus)_77.jpg,,
Tjappies FC,Balotellitubies,90:00,1,2,False,5,3,54,3,1,1,60,92,5,5,46,7,1,1,100,89,WL-18.jpg,,
JERRYS ACADEMY,Tjappies FC,120:00,3,2,False,5,3,48,13,0,5,60,85,8,5,52,15,2,3,62,89,WL57.jpg,,
si senor,Tjappies FC,48.06,-1,-1,True,3,3,44,9,1,2,100,88,6,5,56,4,0,2,83,90,WL-24.jpg,,
Brayan12,Tjappies FC,32:58,-1,-1,True,3,2,47,7,0,0,66,84,4,3,53,4,1,0,75,89,WL-30.jpg,,
Tjappies FC,ElChapo,90:00,1,2,False,5,3,53,1,1,1,60,85,6,5,47,10,4,0,83,83,WL156.jpg,,
illuminatic,Tjappies FC,90:00,6,4,False,11,7,46,10,1,1,63,88,7,7,54,5,0,2,100,88,WL142.jpg,,
zedFC,Tjappies FC,9.49,-1,-1,True,0,0,38,0,0,0,0,100,4,4,62,3,0,0,100,94,WL-1.jpg,,
FJFerrrrr21,Tjappies FC,120:00,-1,3,False,6,5,43,16,1,2,83,88,10,7,57,16,4,2,70,91,WL195.jpg,0.0,0.0
Tjappies FC,LocoSquad,90:00,2,3,False,13,9,48,6,0,2,69,89,8,4,52,13,0,2,50,85,WL181.jpg,,
Ajax trees down,FCT x BVB,61.31,-1,-1,True,3,1,55,6,1,1,33,82,8,6,45,7,0,1,75,86,22-10-2020_13-54-47-zzqbz2vi.png,,
IPhoenix,Tjappies FC,90:00,11,-1,False,9,4,38,18,1,3,44,80,5,5,62,13,1,0,100,93,WL220.jpg,,
Tjappies FC,ALCAZAR CF,90:00,0,2,False,3,1,51,6,1,1,33,92,5,5,49,10,0,1,100,90,WL234.jpg,,
Marina FC,FCT x BVB,62:19,-1,153,False,4,3,43,10,1,3,75,85,9,8,57,14,0,1,88,83,29-10-2020_15-27-33-oj1sb3d1.png,,
WRIGHTY,FCT x BVB,90:00,5,3,False,9,9,43,13,1,0,100,87,5,3,57,9,1,1,60,85,10-11-2020_16-35-41-yu1jj4h0.png,,
La Fresneda CF,Tjappies FC,34.29,-1,-1,True,2,0,46,5,2,1,0,84,3,1,54,6,0,0,33,97,WL208.jpg,,
Jojoalex2O,Tjappies FC,90:00,2,3,False,4,3,40,14,3,1,75,88,8,5,60,14,0,2,62,91,Q49.jpg,,
Pollitt FC,Tjappies FC,22.06,-1,-1,True,0,0,47,1,0,0,0,75,4,3,53,1,0,2,75,90,WL222.jpg,,
Tjappies FC,twannipanni5,90:00,6,2,False,9,8,53,9,0,1,88,90,5,5,47,10,0,2,100,87,WL236.jpg,,
Tjappies FC,STONKS FC,90:00,5,1,False,13,12,57,12,0,1,92,96,3,2,43,15,0,0,66,87,WL197.jpg,,
Son Gotleu FC,Tjappies FC,61.04,-1,-1,True,0,0,49,10,4,0,0,91,5,4,51,11,0,0,80,91,WL-3.jpg,,
Raquo FC,Tjappies FC,120:00,-1,3,False,8,7,46,10,1,1,87,93,8,4,54,16,1,0,50,93,WL183.jpg,0.0,0.0
Armani Ur Nanny,Tjappies FC,90:00,3,7,False,8,7,40,10,2,2,87,79,11,11,60,13,0,0,100,87,WL168.jpg,,
LP FC,Tjappies FC,120:00,-1,2,False,5,3,45,18,1,0,60,87,7,4,55,12,1,1,57,91,WL154.jpg,0.0,0.0
FCT x BVB,Keating Xl,90:00,3,5,False,4,4,37,12,1,0,100,86,8,7,63,9,0,2,87,90,29-10-2020_15-27-22-tsonf5f1.png,,
Tjappies FC,TipicoSportB3T,36.27,-1,-1,True,4,3,57,3,0,0,75,91,1,1,43,3,0,0,100,83,WL140.jpg,,
Tjappies FC,FC Duchesne,28:15,-1,5,False,5,4,60,4,0,3,80,88,0,0,40,5,1,0,0,86,WL69.jpg,,
Tjappies FC,Berlin Fortuna,72.53,-1,-1,True,5,4,50,3,0,1,80,88,1,1,50,8,0,0,100,85,WL-26.jpg,,
Tjappies FC,MaxO108,23:56,-1,-1,True,4,4,58,2,0,0,100,92,0,0,42,2,1,0,0,85,WL-32.jpg,,
HowlMetYourMata,Tjappies FC,90:00,2,3,False,3,3,41,14,0,0,100,83,10,7,59,11,2,2,70,90,WL55.jpg,,
Tjappies FC,THOMAS,54.59,5,-1,False,8,5,62,9,1,2,62,92,0,0,38,13,1,0,0,80,WL41.jpg,,
SaintLaFlame,Tjappies FC,90:00,3,0,False,6,4,50,10,1,0,66,92,10,6,50,14,0,1,60,90,WL96.jpg,,
DrinkPila FC,Tjappies FC,33.29,-1,-1,True,2,1,39,3,0,1,50,90,2,2,61,3,0,0,100,93,FIFA 21 FUT Champions (In Menus)_75.jpg,,
Bunter FC,Tjappies FC,12.06,-1,-1,True,0,0,34,2,0,0,0,81,3,2,66,2,0,0,66,96,WL1.jpg,,
Tjappies FC,delguez fc,28.24,-1,-1,True,7,6,62,3,0,2,85,92,0,0,38,3,0,0,0,88,FIFA 21 FUT Champions (In Menus)_61.jpg,,
As Oreta,Tjappies FC,90:00,2,1,False,3,2,52,10,1,0,66,91,6,4,48,10,1,3,66,90,WL356.jpg,,
PIQUE BOO,Tjappies FC,90:00,2,4,False,11,8,48,13,3,3,72,85,4,4,52,8,3,0,100,85,FIFA 21 FUT Champions (In Menus)_49.jpg,,
BEDRIJVIGHEID,Tjappies FC,90:00,1,4,False,7,4,49,12,0,3,57,85,6,5,51,11,1,1,83,87,WL342.jpg,,
BurgiBallonDOr,Tjappies FC,90:00,0,6,False,1,1,33,12,0,2,100,84,9,8,67,17,2,1,88,91,WL82.jpg,,
FC Palermo,Tjappies FC,62.36,-1,-1,True,2,2,50,1,0,0,100,89,5,5,50,6,0,2,100,90,WL83.jpg,,
justLfln,Tjappies FC,90:00,2,4,False,3,2,47,15,0,0,66,90,9,5,53,18,0,2,55,95,WL343.jpg,,
Tjappies FC,FCPORTO,18.25,-1,-1,True,3,2,63,7,0,0,66,81,0,0,37,1,-1,0,0,76,WL97.jpg,,
FCT x BVB,The Rebel Xl,90:00,2,4,False,9,6,44,5,2,1,66,86,11,10,56,7,0,3,90,80,22-10-2020_13-54-47-x0nprnck.png,,
Tjappies FC,Sacrificio,120:00,4,3,False,6,5,56,15,1,1,83,91,9,7,44,18,1,3,77,90,WL40.jpg,,
Tjappies FC,Tergnier fc,90:00,3,1,False,9,5,53,16,2,0,55,91,2,1,47,10,1,1,50,88,WL54.jpg,,
FC Niepokonani,Tjappies FC,45.00,-1,-1,True,1,1,41,10,0,0,100,79,5,5,59,9,1,0,100,90,WL-33.jpg,,
Tjappies FC,Casemiro FC,90:00,4,1,False,9,5,56,8,1,1,55,94,2,1,44,8,4,0,50,90,WL-27.jpg,,
Duimpie United,Tjappies FC,90:00,1,10,False,4,2,46,13,4,0,50,80,19,16,54,13,1,2,84,91,WL68.jpg,,
Db,Tjappies FC,74:10,-1,-1,True,3,1,40,9,0,1,33,90,5,4,60,14,1,0,80,89,WL141.jpg,,
WELDON GSTQ,FCT x BVB,31.47,-1,-1,True,1,1,49,3,0,0,100,91,4,4,51,3,0,0,100,92,22-10-2020_13-54-42-sgtfmcuo.png,,
Tjappies FC,FC IcedOut 44,20.53,3,-1,False,3,3,69,5,0,0,100,90,0,0,31,2,0,0,0,95,WL155.jpg,,
Class on Grass,Tjappies FC,90:00,1,5,False,4,2,39,3,0,1,50,89,9,7,61,10,4,1,77,88,FIFA 21 FUT Champions (In Menus)_109.jpg,,
CASTELLANE FC,Tjappies FC,84.50,-1,1,False,3,3,43,15,0,2,100,86,8,5,57,8,0,4,62,92,WL169.jpg,,
FCT x BVB,Tettenham,90:00,4,6,False,7,6,46,8,0,0,85,88,10,8,54,20,0,0,80,84,22-10-2020_13-54-42-ewmckuih.png,,
Tjappies FC,ADICEKjeFRAJER,26.06,-1,-1,True,3,3,56,1,1,0,100,91,0,0,44,7,0,0,0,81,WL182.jpg,,
Nantes US,Tjappies FC,8.50,-1,-1,True,0,0,51,0,0,0,0,88,3,2,49,1,0,0,66,100,WL-2.jpg,,
Hamburg SC,FCT x BVB,45.00,-1,-1,True,1,0,39,4,0,0,0,80,12,9,61,15,0,2,75,88,29-10-2020_15-27-34-ujcm5gsu.png,,
Kris FC,Tjappies FC,40.49,-1,-1,True,0,0,44,4,0,0,0,88,4,4,56,7,0,0,100,88,WL237.jpg,,
BianchiBoi,FCT x BVB,39:19,-1,-1,True,1,0,53,7,0,1,0,81,5,5,47,5,0,1,100,92,22-10-2020_13-54-54-uaktmtp1.png,,
EldreGoomba,Tjappies FC,11.48,-1,-1,True,1,1,44,1,0,1,100,64,1,1,56,3,0,0,100,73,WL223.jpg,,
Tjappies FC,TuS Dresden e V,90:00,2,0,False,7,6,54,13,0,4,85,84,3,0,46,12,3,2,0,83,WL330(1).jpg,,
Tjappies FC,FCARSENAL,90:00,6,1,False,10,6,53,8,1,1,60,86,6,5,47,6,0,3,83,87,WL287.jpg,,
Tjappies FC,SOLDI GVNG,90:00,2,1,False,3,3,51,5,1,1,100,90,5,4,49,11,0,2,80,89,WL293.jpg,,
FCT x BVB,Team 7,90:00,2,1,False,5,4,37,6,1,3,80,85,4,2,63,7,1,1,50,87,10-11-2020_16-35-39-k01kqgwf.png,,
ksv hoeselt,Tjappies FC,54.21,-1,-1,True,2,0,40,6,0,0,0,94,6,4,60,7,0,1,66,89,WL244.jpg,,
lesKIRA,Tjappies FC,2.48,-1,-1,True,0,0,47,0,0,0,0,85,1,1,53,0,0,0,100,100,WL250.jpg,,
JSN FC,Tjappies FC,74.48,-1,87,False,2,2,40,8,1,1,100,84,8,6,60,6,1,3,75,90,WL278.jpg,,
vv buinen,Tjappies FC,11.41,531,-1,False,0,0,37,2,0,0,0,76,3,3,63,0,0,1,100,100,WL132.jpg,,
FreeAnuelAA,Tjappies FC,66.06,-1,-1,True,0,0,46,6,1,0,0,86,5,4,54,6,0,1,80,90,WL126.jpg,,
Jayyusiii ,Tjappies FC,57.48,-1,-1,True,5,5,48,8,1,1,100,85,8,5,52,5,0,1,62,92,WL33.jpg,,
[,FCT x BVB,58.03,-1,-1,True,3,3,61,3,1,0,100,91,11,7,39,6,1,0,63,87,29-10-2020_15-27-23-uula4qp5.png,,
XMG Effect,Tjappies FC,90:00,4,5,False,6,4,51,1,0,1,66,91,8,8,49,8,0,1,100,90,WL27.jpg,,
Hombres De Paco,Tjappies FC,2:19,-1,-1,True,0,0,47,0,0,0,0,100,1,1,53,1,0,0,100,100,WL-40.jpg,,
KNOW OZIL,FCT x BVB,68.54,-1,-1,True,3,3,37,15,2,1,100,89,7,5,63,10,1,0,71,86,29-10-2020_15-27-26-l1p2hymg.png,,
UC Diamoli,Tjappies FC,90:00,1,7,False,3,2,48,14,0,1,66,86,11,9,52,13,0,2,81,88,WL-54.jpg,,
Tjappies FC,TuS Dresden e V,90:00,2,0,False,7,6,54,13,0,4,85,84,3,0,46,12,3,2,0,83,WL330.jpg,,
Litos222,Tjappies FC,22.49,-1,-1,True,0,0,55,1,0,0,0,94,4,3,45,2,0,1,75,92,WL324.jpg,,
Dream team,Tjappies FC,90:00,2,6,False,9,7,41,14,1,1,77,83,12,10,59,10,0,2,83,93,FIFA 21 FUT Champions (In Menus)_13.jpg,,
Tjappies FC,Strohhutpiraten,12.43,-1,-1,True,2,2,62,1,0,0,100,94,1,1,38,1,0,1,100,84,WL318.jpg,,
Tantuboii,Tjappies FC,39:00,-1,-1,True,1,1,45,8,0,0,100,92,2,2,55,8,1,0,100,85,WL319.jpg,,
Gheorghe Xl,FCT x BVB,3.23,-1,-1,True,0,0,31,0,0,0,0,83,1,1,69,0,0,0,100,100,10-11-2020_16-35-39-gd3v30gx.png,,
FC Rille,Tjappies FC,120:00,-1,4,False,8,4,48,22,1,0,50,86,9,7,52,13,1,1,77,86,WL325.jpg,0.0,0.0
Red Bull Honda,Tjappies FC,90:00,2,7,False,8,4,48,16,1,1,50,82,10,10,52,10,2,2,100,90,WL331.jpg,,
FALKUM,Tjappies FC,27.31,-1,-1,True,0,0,47,5,1,0,0,90,4,1,53,4,0,1,25,95,WL-55.jpg,,
Sevilla fc,Tjappies FC,55:18,-1,-1,True,0,0,58,4,0,0,0,89,5,5,42,3,0,0,100,91,WL-41.jpg,,
Tjappies FC,VAMOS FC,90:00,2,0,False,4,3,52,5,1,0,75,94,4,2,48,13,0,2,50,88,WL26.jpg,,
Los Arias ,Tjappies FC,58.40,-1,-1,True,2,2,48,6,1,0,100,85,8,6,52,8,1,1,75,87,WL32.jpg,,
Paris SG,Tjappies FC,90:00,0,1,False,5,3,58,12,1,2,60,94,5,5,42,15,1,2,100,88,WL127.jpg,,
S â‚¬ vatan,Tjappies FC,90:00,1,2,False,3,2,51,12,1,0,66,90,6,5,49,7,3,2,83,88,WL133.jpg,,
FCT x BVB,Black Xl,90:00,5,1,False,11,10,52,7,1,1,90,90,5,3,48,11,1,0,60,84,10-11-2020_16-35-46-ltrrmn1y.png,,
FC,Tjappies FC,44:36,-1,-1,True,1,1,39,9,1,0,100,89,8,5,61,12,0,2,62,94,WL279.jpg,,
Tjappies FC,Berkeley OF,22.11,-1,-1,True,3,2,64,1,0,0,66,93,1,1,36,8,1,0,100,80,WL251.jpg,,
Tjappies FC,Eutermann,90:00,4,2,False,10,7,53,15,1,2,70,85,2,2,47,12,0,0,100,79,WL245.jpg,,
Tjappies FC,Xarli22,120:00,4,3,False,5,5,54,9,1,1,100,87,11,7,46,14,1,3,63,86,WL292.jpg,,
Tjappies FC,Maichingen,120:00,1,2,False,4,2,49,15,0,0,50,88,5,5,51,22,1,0,100,88,WL286.jpg,,
Santa Lucia,Tjappies FC,90:00,3,2,False,4,4,53,1,0,1,100,91,6,5,47,16,0,1,83,88,WL290.jpg,,
Tjappies FC,Hillingdon FC,64.27,-1,-1,True,5,5,51,8,0,1,100,87,2,1,49,9,0,1,50,81,WL284.jpg,,
Horgen United,Tjappies FC,51.07,-1,1,False,1,0,44,5,0,0,0,82,5,2,56,6,0,1,40,87,WL253.jpg,,
Paulusk FC,Tjappies FC,33.44,-1,-1,True,3,2,47,2,0,0,66,94,5,4,53,2,0,1,80,94,WL247.jpg,,
REAL MADRID,Tjappies FC,11.21,-1,-1,True,0,0,42,2,0,0,0,83,2,2,58,2,0,0,100,93,WL334(1).jpg,,
Tjappies FC,TEAM DODOS,90:00,3,2,False,5,4,53,3,2,2,80,91,6,5,47,9,0,0,83,91,WL125.jpg,,
ale Fc,Tjappies FC,90:00,5,6,False,7,6,46,17,1,1,85,84,10,7,54,8,1,0,70,92,WL131.jpg,,
iBaRbo FC,Tjappies FC,34:17,-1,-1,True,1,0,31,5,1,0,0,92,5,4,69,6,0,1,80,96,WL119.jpg,,
Pompey FC,FCT x BVB,90:00,3,2,False,9,7,55,8,1,1,77,88,9,7,45,11,3,1,77,84,29-10-2020_15-27-25-32vgcuuc.png,,
Tjappies FC,HolleBollePanda,120:00,7,2,False,16,13,57,12,0,5,81,92,4,3,43,20,2,0,75,90,WL24.jpg,,
Tjappies FC,BJK 1893,120:00,2,3,False,8,5,51,15,0,2,62,89,5,4,49,13,1,3,80,89,WL30.jpg,,
CHIRINGONES FC,Tjappies FC,90:00,1,0,False,3,2,48,8,0,0,66,84,5,4,52,6,0,1,80,87,WL18.jpg,,
Fc DiDi,Tjappies FC,90:00,2,1,False,5,3,56,12,0,0,60,92,5,3,44,9,0,4,60,93,WL-57.jpg,,
Hamburg,Tjappies FC,32:58,41,1,False,2,1,47,6,0,0,50,79,4,4,53,1,0,1,100,88,WL-43.jpg,,
Team Flex,Tjappies FC,31.37,-1,-1,True,3,1,42,3,4,2,33,87,5,5,58,4,1,1,100,90,WL327.jpg,,
Meiwa FC,Tjappies FC,90:00,4,3,False,9,8,56,9,0,2,88,88,8,5,44,13,1,1,62,87,WL333.jpg,,
FCT x BVB,CF Kingy,90:00,5,1,False,12,7,65,6,0,2,58,86,5,4,35,8,4,2,80,83,10-11-2020_16-35-43-cupocaiy.png,,
FCT x BVB,Vii FC,37.06,-1,-1,True,8,6,71,8,0,2,75,96,0,0,29,9,1,2,0,78,10-11-2020_16-35-43-nwamkvyj.png,,
Atletico,Tjappies FC,90:00,2,5,False,4,3,55,13,1,1,75,87,9,6,45,9,2,1,66,91,FIFA 21 FUT Champions (In Menus)_11.jpg,,
Tjappies FC,castilla fc,17.44,-1,-1,True,5,5,66,4,0,0,100,96,0,0,34,4,0,0,0,82,WL332.jpg,,
Die Wuseligen,Tjappies FC,40:49,-1,-1,True,0,0,52,2,0,0,0,91,4,3,48,3,0,0,75,93,FIFA 21 FUT Champions (In Menus)_39.jpg,,
Tjappies FC,MariosXl ,90:00,2,3,False,7,4,48,9,2,1,57,88,7,6,52,8,2,1,85,88,WL326.jpg,,
FCT x BVB,FIFA With Style,90:00,2,4,False,4,4,48,7,2,1,100,85,9,8,52,9,2,2,88,84,10-11-2020_16-35-37-f4vtnd1s.png,,
FCT x BVB,On Fire FC,15.01,-1,-1,True,3,3,51,2,0,0,100,91,0,0,49,1,0,0,0,96,29-10-2020_15-27-31-pnp1qdda.png,,
Tjappies FC,US Requista,120:00,2,3,False,5,5,51,10,0,2,100,91,9,5,49,16,1,1,55,89,WL-42.jpg,,
Tjappies FC,dsds1,43.00,-1,-1,True,5,5,60,3,1,0,100,93,1,0,40,4,0,0,0,85,WL-56.jpg,,
KF BUJANOCL,Tjappies FC,90:00,2,3,False,5,5,40,18,4,1,100,82,9,7,60,11,1,1,77,92,WL19.jpg,,
FC De Legends,Tjappies FC,11.45,-1,-1,True,0,0,42,2,0,0,0,85,2,2,58,1,0,0,100,93,WL31.jpg,,
No Win For UU,Tjappies FC,90:00,1,2,False,5,3,42,8,0,1,60,85,10,7,58,8,0,2,70,91,WL25.jpg,,
Ac MILAN,Tjappies FC,90:00,2,1,False,5,3,53,1,0,0,60,93,2,2,47,5,1,0,100,92,WL118.jpg,,
Tjappies FC,PAPINHOO FC,4.51,-1,1,False,1,1,74,0,0,0,100,85,0,0,26,3,0,0,0,57,WL130.jpg,,
SHELDON FC,Tjappies FC,90:00,3,5,False,5,5,39,11,0,1,100,84,14,10,61,11,0,3,71,91,WL124.jpg,,
SuprAuteuil,FCT x BVB,13.41,-1,-1,True,0,0,31,0,0,0,0,93,4,3,69,2,0,0,75,92,29-10-2020_15-27-27-ecsceb3m.png,,
Cadiz CF,Tjappies FC,10:32,-1,-1,True,0,0,50,2,0,0,0,88,2,1,50,4,0,0,50,86,WL246.jpg,,
SCORPIONS FC,FCT x BVB,90:00,2,6,False,5,4,57,8,0,1,80,87,7,7,43,13,2,0,100,90,29-10-2020_15-27-22-gdmwefro.png,,
BLUES,Tjappies FC,90:00,1,3,False,3,3,45,13,1,0,100,87,9,6,55,13,0,3,66,87,WL252.jpg,,
FCT x BVB,Salt nd vinagre,29:59,-1,-1,True,6,5,57,3,0,1,83,93,0,0,43,4,2,0,0,76,29-10-2020_15-27-29-ex3lcird.png,,
Tjappies FC,Inaya,90:00,5,2,False,9,8,59,12,0,1,88,89,4,4,41,15,1,0,100,82,WL285.jpg,,
CrewSquad,Tjappies FC,90:00,2,3,False,6,5,53,13,1,1,83,92,8,6,47,6,3,0,75,92,WL291.jpg,,
BriliSc,Tjappies FC,90:00,2,3,False,3,1,43,13,1,0,33,87,6,5,57,7,0,3,83,91,WL295.jpg,,
Tjappies FC,Joes Rovers,90:00,5,0,False,10,10,58,1,1,2,100,90,2,1,42,11,1,2,50,80,WL281.jpg,,
Fc Giesing,Tjappies FC,90:00,2,1,False,3,3,50,14,0,0,100,93,3,3,50,7,1,1,100,91,WL256.jpg,,
Bremen Fortuna,Tjappies FC,27.42,-1,-1,True,1,0,39,4,2,0,0,80,6,5,61,0,0,2,83,91,WL242.jpg,,
test,Precise,90:00,3,2,False,10,7,45,10,0,1,70,90,3,2,55,4,0,0,66,91,29-10-2020_15-27-21-lojnytb3.png,,
FCT x BVB,The Popes Xl,90:00,2,0,False,7,5,40,11,0,4,71,81,6,2,60,7,2,0,33,83,22-10-2020_13-54-41-qimcboaq.png,,
VV TREKVOGELS,Tjappies FC,24.56,-1,-1,True,1,1,52,2,2,0,100,87,2,2,48,3,0,1,100,82,WL108.jpg,,
Napoli ssc,FCT x BVB,54.07,-1,-1,True,1,1,45,7,0,0,100,87,8,7,55,6,1,1,87,89,29-10-2020_15-27-24-3f0cj0z2.png,,
Maths Wins,Tjappies FC,37.03,-1,-1,True,1,1,45,3,0,0,100,89,5,3,55,11,0,0,60,85,WL120.jpg,,
Saiyans FC,FCT x BVB,90:00,5,3,False,11,7,57,8,0,2,63,88,9,8,43,7,1,3,88,82,22-10-2020_13-54-39-ciyriz4q.png,,
Tjappies FC,FC Tabs,15.33,-1,-1,True,1,1,61,2,0,0,100,84,0,0,39,3,1,0,0,79,WL134.jpg,,
Tjappies FC,Drecksspiel,90:00,1,0,False,5,3,53,7,0,3,60,92,1,1,47,7,0,0,100,92,WL-52.jpg,,
doreedeplatine,Tjappies FC,90:00,1,2,False,3,0,47,16,0,0,0,79,7,5,53,13,0,0,71,86,WL-46.jpg,,
ConkaiSZN,Tjappies FC,90:00,4,1,False,8,7,57,8,0,1,87,94,3,3,43,9,0,1,100,90,WL21.jpg,,
el paco,Tjappies FC,90:00,1,7,False,2,0,44,9,0,0,0,81,12,10,56,13,0,3,83,83,WL35.jpg,,
AstroWorld,Tjappies FC,90:00,2,4,False,4,4,49,8,1,2,100,85,7,5,51,10,3,0,71,89,FIFA 21 FUT Champions (In Menus)_15.jpg,,
FC Goersroth,Tjappies FC,120:00,2,4,False,3,3,42,10,0,1,100,83,9,7,58,9,3,4,77,88,WL355(1).jpg,,
Moleicster,Tjappies FC,45.00,-1,-1,True,0,0,31,5,3,0,0,80,5,5,69,3,0,3,100,86,FIFA 21 FUT Champions (In Menus)_29.jpg,,
Tjappies FC,ultimaop,67.04,-1,-1,True,7,5,52,1,0,0,71,91,2,2,48,10,1,1,100,89,WL322.jpg,,
FC Vignale,Tjappies FC,32.40,-1,-1,True,3,2,50,4,1,1,66,86,6,5,50,10,0,0,83,86,WL336.jpg,,
FC TS4L,Tjappies FC,44:50,-1,41,False,3,2,44,6,1,1,66,77,5,4,56,4,3,1,80,91,WL337.jpg,,
Tjappies FC,AFC AJAX,90:00,4,1,False,8,5,52,12,0,3,62,90,3,2,48,15,0,1,66,81,WL323.jpg,,
Tjappies FC,LammerDeBammer,7.09,-1,-1,True,2,2,82,1,0,0,100,100,0,0,18,0,0,0,0,100,WL34.jpg,,
LoVe EAsports,FCT x BVB,30.22,-1,-1,True,0,0,48,1,1,0,0,89,6,6,52,3,0,0,100,91,22-10-2020_13-54-39-uv2xueqp.png,,
BEAST FC,Tjappies FC,37.22,-1,-1,True,0,0,49,2,0,0,0,91,5,5,51,6,0,1,100,96,WL20.jpg,,
Tjappies FC,idrissa,13:57,-1,-1,True,2,2,61,0,0,0,100,90,0,0,39,3,0,0,0,66,WL-47.jpg,,
Tjappies FC,FC Royboy,90:00,2,3,False,3,3,46,1,1,0,100,91,7,5,54,13,0,3,71,92,WL-53.jpg,,
La Toho,Tjappies FC,90:00,1,9,False,5,1,40,13,2,2,20,79,16,15,60,11,0,3,93,92,WL135.jpg,,
losPepes,Tjappies FC,45.00,-1,-1,True,4,2,52,3,0,2,50,90,3,3,48,3,1,0,100,95,WL121.jpg,,
Marseille AC,Tjappies FC,90:00,1,-1,False,2,2,48,1,1,0,100,89,7,4,52,14,2,2,57,87,WL109.jpg,,
FCT x BVB,Salta Juniors,32:18,-1,-1,True,7,5,69,2,0,0,71,86,1,1,31,1,0,0,100,78,10-11-2020_16-35-47-stgbjcqf.png,,
Zeus FC,FCT x BVB,90:00,3,4,False,6,3,43,14,2,1,50,83,10,7,57,5,0,4,70,88,29-10-2020_15-27-28-0jwud4tb.png,,
FcBier,Tjappies FC,90:00,0,2,False,4,3,38,20,2,3,75,81,7,4,62,14,0,2,57,93,WL243.jpg,,
Legends FC,Tjappies FC,90:00,1,3,False,4,4,42,11,1,0,100,83,6,5,58,9,2,1,83,93,WL257.jpg,,
DEMBOUZ FC,Tjappies FC,35.44,-1,-1,True,1,1,43,5,0,0,100,82,5,4,57,5,0,1,80,92,WL280.jpg,,
OOSTBLOK BG FC,Tjappies FC,90:00,1,4,False,4,1,51,5,1,0,25,87,7,5,49,9,2,1,71,90,WL294.jpg,,
Tjappies FC,PSV Stralsund,54.08,-1,-1,True,7,7,57,5,0,0,100,88,3,2,43,8,0,1,66,81,WL282.jpg,,
Lazoc FC,FCT x BVB,90:00,3,2,False,8,7,59,13,1,1,87,88,5,2,41,8,0,0,40,87,29-10-2020_15-27-23-0ugq2wl3.png,,
Xenon FC,Tjappies FC,13.46,-1,-1,True,0,0,37,3,0,0,0,68,2,2,63,1,0,0,100,87,WL269.jpg,,
Tjappies FC,Dorados,29.59,-1,-1,True,3,2,52,2,0,0,66,94,2,2,48,5,1,1,100,88,WL241.jpg,,
FarihaMarket,Tjappies FC,90:00,2,3,False,3,1,45,12,0,1,33,85,7,6,55,10,1,1,85,91,WL255.jpg,,
REGAZ FC,Tjappies FC,120:00,3,75,False,4,4,52,11,0,1,100,88,10,8,48,9,0,3,80,88,FIFA 21 FUT Champions (In Menus)_9.jpg,,
La Bestia,Tjappies FC,120:00,-1,-1,True,9,4,42,19,2,1,44,81,9,8,58,15,0,0,88,86,WL137.jpg,,
BeastFC,Tjappies FC,90:00,2,6,False,10,6,39,13,4,1,60,82,12,10,61,15,1,1,83,87,WL123.jpg,,
Tjappies FC,LOLAFC,32:11,-1,-1,True,3,3,64,0,0,0,100,98,1,1,36,2,0,0,100,87,WL-45.jpg,,
You Dig,Tjappies FC,26.29,-1,-1,True,4,2,49,3,2,1,50,92,4,3,51,2,0,0,75,94,WL-51.jpg,,
NOAH FC,Tjappies FC,52.25,-1,-1,True,1,0,44,6,2,1,0,85,6,4,56,6,1,2,66,90,WL36.jpg,,
BloodBullet,Tjappies FC,16:15,-1,-1,True,2,1,49,1,0,1,50,90,2,2,51,1,0,0,100,95,WL22.jpg,,
Tjappies FC,MOMENTUM FC,90:00,4,2,False,9,7,48,14,1,0,77,92,3,3,52,12,0,3,100,93,WL309.jpg,,
Bologna AC,Tjappies FC,90:00,1,2,False,7,5,52,16,0,3,71,88,3,2,48,10,1,0,66,91,WL335.jpg,,
FC,Tjappies FC,56.20,-1,-1,True,2,0,43,1,1,0,0,88,3,3,57,9,0,0,100,90,WL321.jpg,,
Arcachon FC,Tjappies FC,90:00,0,2,False,3,1,53,10,1,1,33,90,9,5,47,14,0,2,55,87,WL320.jpg,,
Tjappies FC,Stonks FC,90:00,4,3,False,6,6,45,13,0,1,100,85,7,6,55,13,2,3,85,85,WL296.jpg,,
REAL MADRID,Tjappies FC,11.21,-1,-1,True,0,0,42,2,0,0,0,83,2,2,58,2,0,0,100,93,WL334.jpg,,
Mojito,Tjappies FC,120:00,3,75,False,6,4,48,7,0,0,66,87,12,10,52,12,2,3,83,91,FIFA 21 FUT Champions (In Menus)_17.jpg,,
Max Team,Tjappies FC,90:00,0,5,False,2,0,45,18,2,1,0,79,7,5,55,14,1,1,71,94,WL308.jpg,,
Tjappies FC,MUCHo,120:00,2,1,False,14,11,50,14,0,3,78,90,2,2,50,3,1,1,100,92,WL23.jpg,,
Carlix Fc,Tjappies FC,30:55,-1,-1,True,1,1,49,0,0,1,100,89,3,2,51,4,1,0,66,90,WL37.jpg,,
AJAX AFC,Tjappies FC,53.49,-1,-1,True,5,2,48,5,0,1,40,89,5,5,52,4,0,0,100,91,WL-50.jpg,,
AndyBigBucket,Tjappies FC,90:00,2,3,False,5,5,51,12,1,3,100,87,6,3,49,11,0,0,50,90,WL-44.jpg,,
Floetzinger FC,Tjappies FC,90:00,3,1,False,6,5,48,14,0,2,83,85,3,3,52,13,2,3,100,89,WL122.jpg,,
FC SALVIC 15,FCT x BVB,120:00,-1,2,False,6,3,45,9,0,2,50,86,14,10,55,11,2,1,71,91,29-10-2020_15-27-27-1bntsufw.png,0.0,0.0
TEAM MAGA MAGO,Tjappies FC,90:00,0,10,False,4,3,43,17,3,0,75,81,16,13,57,10,1,0,81,89,WL136.jpg,,
Middlesburo,FCT x BVB,90:00,2,1,False,9,9,49,14,1,3,100,88,8,4,51,7,0,1,50,96,29-10-2020_15-27-29-rsdazn1a.png,,
IKanteBreathe,FCT x BVB,33:54,-1,-1,True,1,1,41,0,1,3,100,63,5,5,59,3,0,0,100,83,10-11-2020_16-35-45-sasbk12x.png,,
Tjappies FC,Steuerberater,90:00,4,1,False,12,9,59,11,0,7,75,88,1,1,41,16,0,0,100,76,WL240.jpg,,
Tjappies FC,FC Halle 05,40:59,-1,-1,True,3,2,65,2,0,0,66,94,0,0,35,5,0,0,0,91,WL254.jpg,,
Tjappies FC,FIFA ENG FCB,39:17,-1,-1,True,2,2,43,1,0,0,100,86,2,1,57,1,0,0,50,95,WL268.jpg,,
Cebazat,Tjappies FC,90:00,1,2,False,4,3,46,1,2,2,75,92,8,7,54,9,0,3,87,87,WL297.jpg,,
Tjappies FC,Mules,90:00,4,1,False,11,9,50,10,0,2,81,89,5,5,50,13,1,1,100,85,WL283.jpg,,
6 UNIT,FCT x BVB,7.05,-1,-1,True,0,0,8,0,1,0,0,75,2,1,92,1,0,0,50,93,10-11-2020_16-35-48-ptuox0t0.png,,
jafoste,Tjappies FC,42.05,-1,-1,True,0,0,46,3,0,0,0,91,1,1,54,5,0,0,100,93,WL265.jpg,,
Ospina Colada,Tjappies FC,90:00,1,4,False,8,5,42,13,0,3,62,78,10,6,58,11,2,0,60,86,WL271.jpg,,
RPO8LEY FC,Tjappies FC,90:00,1,5,False,4,1,44,11,2,0,25,83,8,5,56,5,2,0,62,89,WL259.jpg,,
JoKez FC,Tjappies FC,90:00,2,3,False,3,3,50,11,0,1,100,92,4,4,50,8,0,1,100,91,WL113.jpg,,
dxd167,Tjappies FC,74.20,-1,7,False,3,1,53,9,0,0,33,92,5,4,47,12,0,2,80,89,WL107.jpg,,
WHY U FC,FCT x BVB,90:00,2,3,False,7,6,48,7,2,2,85,82,9,6,52,15,2,0,66,82,22-10-2020_13-54-49-d3cs1zos.png,,
Appelmoesje FC,Tjappies FC,90:00,3,9,False,9,7,39,9,0,0,77,85,17,14,61,8,2,0,82,84,FIFA 21 FUT Champions (In Menus)_5.jpg,,
Tjappies FC,VIS CHIACCIO,90:00,3,2,False,8,5,49,12,1,1,62,91,4,2,51,6,0,0,50,96,WL12.jpg,,
Tjappies FC,twitchkevin62,90:00,2,1,False,6,4,47,13,0,2,66,84,2,1,53,10,0,0,50,87,WL-49.jpg,,
SweatyBia,Tjappies FC,28.41,-1,-1,True,3,2,47,1,2,0,66,87,5,4,53,1,0,0,80,86,WL311.jpg,,
MILAN 1899,Tjappies FC,9.50,13,-1,False,0,0,42,2,0,0,0,71,2,2,58,1,0,1,100,100,WL305.jpg,,
Werder Bremen ,Tjappies FC,90:00,1,3,False,5,3,50,9,0,1,60,88,8,3,50,11,3,1,37,86,WL339.jpg,,
GD Viso,Tjappies FC,90:00,1,3,False,1,1,46,15,0,0,100,86,8,5,54,10,0,2,62,89,WL338.jpg,,
FINDING TIMO,Tjappies FC,90:00,1,2,False,7,3,38,11,1,0,42,84,6,4,62,6,1,2,66,88,FIFA 21 FUT Champions (In Menus)_33.jpg,,
Wakanda FC,Tjappies FC,90:00,0,4,False,4,3,50,12,2,3,75,85,8,6,50,14,0,3,75,84,FIFA 21 FUT Champions (In Menus)_27.jpg,,
Tjappies FC,El Guiguitoss,72.40,-1,-1,True,9,8,58,14,0,1,88,87,2,2,42,11,0,0,100,87,WL304.jpg,,
Controversio CF,Tjappies FC,57.03,-1,-1,True,3,2,52,8,2,0,66,94,4,3,48,7,2,0,75,89,WL310.jpg,,
Juventus,Tjappies FC,61:12,-1,-1,True,2,1,47,7,1,0,50,83,6,4,53,7,0,0,66,87,WL-48.jpg,,
Tjappies FC,Muchen Tuchen,45.00,-1,53,False,13,11,62,5,1,0,84,97,0,0,38,7,1,0,0,75,WL13.jpg,,
ShowMeTheMane,FCT x BVB,90:00,2,6,False,3,1,42,10,2,0,33,86,10,10,58,10,3,0,100,88,10-11-2020_16-35-46-g00oxqhf.png,,
FCT x BVB,Jpack Jamais R,48.56,-1,-1,True,6,5,49,5,0,1,83,92,5,2,51,5,0,2,40,86,29-10-2020_15-27-26-mn3if5iw.png,,
Lawfu FC,Tjappies FC,90:00,1,2,False,4,3,57,10,1,0,75,93,4,3,43,13,2,0,75,93,WL106.jpg,,
RoadToGlory,Tjappies FC,90:00,2,3,False,3,3,56,8,0,0,100,89,8,4,44,6,0,1,50,84,WL112.jpg,,
FC ZISS,FCT x BVB,90:00,4,0,False,8,5,53,15,2,2,62,79,6,1,47,9,2,0,16,87,22-10-2020_13-54-50-sj43k514.png,,
FCT x BVB,Mort FC,11.03,-1,32,False,5,5,68,1,0,0,100,96,0,0,32,0,0,0,0,69,22-10-2020_13-54-51-orjjlrds.png,,
mestreecf,Tjappies FC,32.57,-1,-1,True,5,4,48,6,0,1,80,88,4,4,52,5,1,0,100,85,WL258.jpg,,
Tjappies FC,Galakticos,90:00,1,0,False,3,1,57,8,1,1,33,89,6,3,43,10,0,1,50,86,WL270.jpg,,
UmTiTiDaNcek5,Tjappies FC,90:00,2,3,False,6,5,43,9,2,3,83,87,10,8,57,13,0,2,80,92,WL264.jpg,,
TheBeast,FCT x BVB,90:00,1,5,False,5,4,48,14,2,1,80,81,13,10,52,16,2,1,76,85,22-10-2020_13-54-54-cnv2h54r.png,,
TEAM OVERMARS,Tjappies FC,90:00,2,0,False,3,3,58,11,0,1,100,94,0,0,42,12,0,0,0,89,WL299.jpg,,
GloUpDinerog,Tjappies FC,4.37,-1,-1,True,0,0,38,0,1,0,0,100,2,2,62,2,0,0,100,100,WL272.jpg,,
King Kenny FC,Tjappies FC,90:00,2,3,False,3,3,51,1,2,0,100,95,6,4,49,7,1,2,66,92,WL266.jpg,,
Catamarca FC,FCT x BVB,120:00,7,74,False,9,9,51,12,1,0,100,87,6,5,49,9,3,1,83,87,10-11-2020_16-35-35-qyrqt4lh.png,,
Meiwa FC,Tjappies FC,90:00,4,3,False,9,8,56,9,0,2,88,88,8,5,44,13,1,1,62,87,WL333(1).jpg,,
FCT x BVB,ching chong,90:00,3,2,False,7,5,49,6,2,0,71,91,8,5,51,10,0,1,62,88,10-11-2020_16-35-42-r3qzlvbx.png,,
Kendal Town,FCT x BVB,17.25,-1,-1,True,0,0,64,2,0,0,0,90,3,3,36,1,0,0,100,83,22-10-2020_13-54-50-pp5wnm3v.png,,
Tjappies FC,Bolton Rangers,18:16,-1,-1,True,3,3,65,4,0,1,100,94,0,0,35,2,0,0,0,89,WL104.jpg,,
Tjappies FC,Tubaroes Verdes,6.20,-1,-1,True,3,3,69,2,1,0,100,85,1,0,31,0,0,0,0,100,WL110.jpg,,
PAOKG4,Tjappies FC,41.38,1,-1,False,1,1,45,5,0,0,100,88,8,8,55,7,0,1,100,94,WL138.jpg,,
CAMERONZ,Tjappies FC,8.23,-1,-1,True,0,0,28,1,0,0,0,88,1,1,72,2,0,0,100,100,WL11.jpg,,
Genova FC,Tjappies FC,45.00,-1,-1,True,0,0,43,6,1,0,0,85,4,4,57,6,0,2,100,92,WL39.jpg,,
SculoAndry,FCT x BVB,90:00,3,5,False,5,4,50,11,3,1,80,92,10,7,50,9,2,0,70,91,10-11-2020_16-35-36-0wd3xedc.png,,
Tjappies FC,SDPalmerales,120:00,5,2,False,9,8,56,6,1,2,88,89,4,2,44,13,1,1,50,88,WL306.jpg,,
bob L eponge,Tjappies FC,90:00,3,0,False,9,7,59,7,0,0,77,91,6,5,41,13,0,1,83,87,FIFA 21 FUT Champions (In Menus)_19.jpg,,
VivaFranco FC,Tjappies FC,14.59,-1,-1,True,0,0,32,6,0,0,0,64,5,4,68,4,0,0,80,96,WL312.jpg,,
Papaya FC,Tjappies FC,90:00,2,3,False,5,4,40,14,2,1,80,82,7,5,60,12,0,2,71,85,FIFA 21 FUT Champions (In Menus)_31.jpg,,
Tjappies FC,CF Longhi,90:00,3,4,False,3,3,39,6,1,0,100,84,9,8,61,8,1,2,88,95,FIFA 21 FUT Champions (In Menus)_25.jpg,,
Comunio Timbers,Tjappies FC,45.00,-1,-1,True,4,2,43,6,0,2,50,79,5,4,57,4,0,1,80,87,WL313.jpg,,
BurOmer FC,Tjappies FC,90:00,1,3,False,2,2,49,20,1,0,100,88,9,7,51,12,0,3,77,88,WL307.jpg,,
SG Gobsen,Tjappies FC,58.20,-1,-1,True,2,2,40,11,1,1,100,85,5,5,60,7,0,2,100,88,WL38.jpg,,
EGG FRIED REUS,Tjappies FC,36:33,-1,-1,True,2,1,42,6,0,0,50,76,5,4,58,3,2,0,80,91,WL10.jpg,,
LOS COLGAOS,Tjappies FC,13.44,-1,-1,True,1,1,36,1,0,1,100,85,1,1,64,0,0,0,100,91,WL139.jpg,,
Tjappies FC,AC TUA,26.20,-1,-1,True,5,5,58,5,1,1,100,86,6,3,42,3,0,3,50,80,FIFA 21 FUT Champions (In Menus)_7.jpg,,
nwt21147,Tjappies FC,12.58,-1,-1,True,0,0,44,2,0,0,0,72,3,2,56,2,0,0,66,88,WL111.jpg,,
NILS Xl,Tjappies FC,90:00,0,2,False,3,1,44,10,1,1,33,87,5,3,56,9,2,0,60,90,WL105.jpg,,
big up ur nan,FCT x BVB,45.00,-1,-1,True,1,1,42,3,0,0,100,81,12,10,58,7,0,2,83,89,29-10-2020_15-27-34-t4ic4lkr.png,,
FEBREZE MUAMBA,FCT x BVB,90:00,4,3,False,6,6,60,8,2,0,100,89,7,6,40,9,1,1,85,85,10-11-2020_16-35-38-05isnaeg.png,,
FCT x BVB,FIFAISPOO,40:08,-1,-1,True,8,8,68,6,0,2,100,93,3,3,32,8,1,0,100,82,29-10-2020_15-27-32-3qfjgyzu.png,,
FUT FC,Tjappies FC,34.09,-1,-1,True,0,0,40,1,0,0,0,83,5,4,60,1,0,1,80,92,WL267.jpg,,
villianfc,Tjappies FC,51.58,-1,-1,True,4,3,43,8,0,2,75,87,10,10,57,9,2,2,100,86,WL273.jpg,,
Wolves eSports,Tjappies FC,120:00,-1,5,False,8,6,39,18,1,1,75,87,9,7,61,12,0,1,77,92,WL298.jpg,0.0,0.0
Tjappies FC,FC Sand,45.00,-1,1,False,5,5,58,5,0,0,100,93,3,3,42,7,0,1,100,90,WL288.jpg,,
FCT x BVB,DrogbasDruggies,120:00,5,74,False,8,7,44,15,1,1,87,86,5,5,56,10,1,1,100,86,22-10-2020_13-54-44-prwhhywo.png,,
Go ahead eagles,Tjappies FC,90:00,0,2,False,3,2,53,13,0,2,66,90,6,4,47,10,0,2,66,90,WL277.jpg,,
pisico fc,Tjappies FC,83.42,-1,-1,True,7,4,51,6,0,2,57,92,3,1,49,2,2,0,33,93,WL263.jpg,,
alexandra FC,FCT x BVB,69.47,6,2,False,5,3,56,4,1,2,60,85,9,8,44,10,2,1,88,87,22-10-2020_13-54-45-wdggshid.png,,
Red Bull Honda,Tjappies FC,90:00,2,7,False,8,4,48,16,1,1,50,82,10,10,52,10,2,2,100,90,WL331(1).jpg,,
LUPOL,Tjappies FC,90:00,2,6,False,5,2,47,16,2,0,40,80,16,13,53,9,1,3,81,89,FIFA 21 FUT Champions (In Menus)_3.jpg,,
JOk3RiNHO Fc,FCT x BVB,23.43,-1,-1,True,1,0,46,1,1,0,0,84,5,5,54,3,0,0,100,94,29-10-2020_15-27-32-rktuqy5u.png,,
Tjappies FC,Rapid Micatant,90:00,6,2,False,10,7,54,16,3,2,70,87,2,2,46,10,3,0,100,87,WL129.jpg,,
FC KILDAHL,Tjappies FC,20:08,-1,-1,True,0,0,44,4,0,0,0,82,4,4,56,2,0,0,100,90,WL101.jpg,,
Tjappies FC,Goenner,37.29,-1,514,False,3,3,58,1,1,1,100,90,1,0,42,5,1,0,0,89,WL115.jpg,,
Flecha,Tjappies FC,90:00,2,3,False,3,2,46,8,0,0,66,90,7,7,54,8,0,3,100,91,WL28.jpg,,
psicodelicias,Tjappies FC,65.54,-1,2,False,5,3,54,1,1,2,60,94,8,7,46,9,2,2,87,91,WL14.jpg,,
FC DE LUCA,Tjappies FC,90:00,1,3,False,2,0,44,19,0,0,0,88,7,6,56,21,1,2,85,92,WL303.jpg,,
intermevan,Tjappies FC,22.53,-1,-1,True,0,0,45,1,0,0,0,86,3,3,55,5,0,0,100,92,WL317.jpg,,
Tjappies FC,dexius,90:00,4,3,False,8,7,54,14,1,4,87,89,5,4,46,16,2,1,80,84,WL316.jpg,,
Tjappies FC,Salos shooters,90:00,3,1,False,12,7,50,8,0,1,58,93,4,2,50,10,0,1,50,89,WL302.jpg,,
PSYCHOFANS,Tjappies FC,120:00,-1,2,False,5,3,44,16,2,1,60,83,9,6,56,8,3,6,66,87,FIFA 21 FUT Champions (In Menus)_21.jpg,0.0,0.0
Fc Nico,Tjappies FC,90:00,4,5,False,7,7,57,4,1,2,100,95,7,7,43,9,0,1,100,89,FIFA 21 FUT Champions (In Menus)_35.jpg,,
Tjappies FC,OranjeKNVB,23.47,-1,-1,True,3,3,60,0,0,1,100,89,0,0,40,3,1,0,0,75,WL15.jpg,,
Tjappies FC,AJL12,18.04,-1,-1,True,3,2,65,0,0,0,66,92,0,0,35,2,0,1,0,66,WL29.jpg,,
Tjappies FC,13 Champions,120:00,-1,4,False,10,7,48,12,2,1,70,87,11,9,52,8,1,2,81,86,WL114.jpg,0.0,0.0
Darby FC,Tjappies FC,90:00,1,6,False,3,1,41,12,2,0,33,77,11,9,59,11,0,1,81,90,WL100.jpg,,
Babbonspor,Tjappies FC,90:00,0,7,False,6,3,43,16,0,1,50,88,11,11,57,11,2,2,100,89,WL128.jpg,,
Troll FC,FCT x BVB,18:11,-1,-1,True,0,0,47,3,0,1,0,79,4,3,53,3,0,0,75,96,22-10-2020_13-54-48-qkzjnoql.png,,
Zeus Xl,FCT x BVB,120:00,3,77,False,13,6,44,17,4,4,46,84,12,11,56,14,3,1,91,85,29-10-2020_15-27-35-0fud1ijj.png,,
murica,Tjappies FC,7.50,-1,-1,True,0,0,39,0,0,0,0,100,3,2,61,2,0,0,66,100,WL262.jpg,,
Ultimate Xl,Tjappies FC,66.32,-1,-1,True,6,4,44,8,0,0,66,88,5,5,56,8,0,0,100,93,WL276.jpg,,
Tjappies FC,40OO LIEGE,77.39,-1,-1,True,4,4,50,1,0,0,100,90,2,2,50,15,2,1,100,86,WL289.jpg,,
GUIAR FC,Tjappies FC,90:00,1,3,False,5,4,46,21,1,1,80,81,7,5,54,10,1,1,71,91,WL248.jpg,,
Tjappies FC,AYEYE BRAZORF,41.08,-1,7,False,4,2,51,5,0,0,50,92,1,1,49,3,0,1,100,94,WL260.jpg,,
Unravel FC,FCT x BVB,13.50,-1,-1,True,0,0,60,1,0,0,0,92,5,4,40,4,0,0,80,90,22-10-2020_13-54-38-zzs0i4l0.png,,
FC,Tjappies FC,36:28,1,-1,False,1,0,49,2,0,1,0,88,5,5,51,5,0,0,100,90,WL274.jpg,,
FCT x BVB,TheFiendCF,90:00,3,1,False,11,6,48,14,0,1,54,85,7,6,52,10,1,4,85,90,29-10-2020_15-27-28-l1msmx3f.png,,
FC BOSSMODUS 45,Tjappies FC,120:00,1,0,False,3,3,46,15,0,4,100,88,4,1,54,11,1,0,25,89,WL116.jpg,,
LFC96,Tjappies FC,27.13,-1,-1,True,0,0,39,5,0,0,0,79,2,2,61,8,0,0,100,82,WL102.jpg,,
Sir Mice Alot,Tjappies FC,120:00,1,2,False,2,1,43,14,0,0,50,92,10,8,57,13,3,5,80,90,WL17.jpg,,
GaGio,Tjappies FC,81.39,-1,-1,True,7,6,50,13,1,1,85,88,7,7,50,14,1,1,100,82,FIFA 21 FUT Champions (In Menus)_23.jpg,,
Tjappies FC,NeverGiveUp,90:00,3,2,False,10,8,50,7,0,2,80,91,3,2,50,10,1,0,66,86,WL-58.jpg,,
Real Jalil,Tjappies FC,90:00,1,3,False,4,3,50,12,1,2,75,90,7,6,50,7,1,3,85,91,WL328.jpg,,
Fc stookie,Tjappies FC,90:00,2,4,False,9,6,41,20,1,6,66,81,9,8,59,9,2,1,88,90,FIFA 21 FUT Champions (In Menus)_37.jpg,,
RCCV1923,Tjappies FC,120:00,1,2,False,8,4,52,13,0,5,50,88,8,5,48,11,0,0,62,87,WL314.jpg,,
Tjappies FC,Taylor Swift,90:00,4,0,False,10,6,54,13,0,2,60,94,0,0,46,14,1,0,0,79,WL300.jpg,,
As Monaco Fc,Tjappies FC,90:00,0,4,False,0,0,45,23,4,0,0,81,8,8,55,19,0,1,100,91,WL301.jpg,,
ROWANS LEGENDS,Tjappies FC,90:00,0,6,False,4,4,47,16,5,1,100,80,14,11,53,8,1,4,78,87,WL315.jpg,,
The New Empire,FCT x BVB,90:00,4,6,False,7,5,57,8,1,0,71,85,9,8,43,10,1,1,88,87,22-10-2020_13-54-46-mvs054dk.png,,
Blacksands FC,Tjappies FC,10:19,-1,-1,True,0,0,37,1,0,0,0,92,2,1,63,2,0,0,50,85,WL329.jpg,,
Tjappies FC,PeyroteoFC,90:00,6,1,False,8,6,45,9,2,0,75,87,10,4,55,6,0,2,40,90,WL16.jpg,,
KFZRana999,Tjappies FC,90:00,1,2,False,1,1,52,6,0,0,100,92,5,4,48,11,3,0,80,88,WL103.jpg,,
Tjappies FC,Kongen,76.24,-1,-1,True,7,6,60,1,1,2,85,96,2,1,40,11,0,2,50,81,WL117.jpg,,
Send Umtities,Tjappies FC,90:00,4,7,False,11,9,48,10,5,2,81,91,12,11,52,14,0,1,91,91,FIFA 21 FUT Champions (In Menus)_1.jpg,,
FCT x BVB,carteldeloslele,90:00,5,1,False,15,12,48,15,1,1,80,86,0,0,52,10,2,0,0,82,22-10-2020_13-54-48-guahog33.png,,
TOMA FC,Tjappies FC,41:15,-1,-1,True,5,2,46,6,0,0,40,92,4,3,54,5,0,0,75,90,WL275.jpg,,
Tjappies FC,Whole Lotta Red,79.24,-1,-1,True,9,7,48,8,0,3,77,90,2,0,52,8,1,0,0,91,WL261.jpg,,
Madeline Milan,Tjappies FC,90:00,2,6,False,3,3,44,18,0,2,100,84,12,10,56,11,0,3,83,90,WL249.jpg,,
SHEFF UTD,FCT x BVB,9.48,-1,-1,True,1,1,55,0,0,1,100,80,3,3,45,1,0,0,100,94,22-10-2020_13-54-52-yse0rh1m.png,,
Team Yeezy,Tjappies FC,90:00,4,9,False,6,5,44,12,0,0,83,89,3,2,56,7,0,1,66,91,Q47.jpg,,
Tjappies FC,Breisgau FC,52.43,-1,-1,True,2,2,55,3,0,0,100,90,2,2,45,8,0,2,100,89,WL206.jpg,,
team mitch,Tjappies FC,35.26,1111,51,False,2,1,44,1,0,1,50,83,7,6,56,4,0,1,85,86,WL212.jpg,,
Moura that,FCT x BVB,25:12,-1,-1,True,1,0,54,1,0,1,0,90,5,4,46,4,0,0,80,96,10-11-2020_16-35-51-obpxlvmn.png,,
Tjappies FC,CHEFKE,42.03,-1,-1,True,7,5,55,1,0,1,71,92,4,3,45,5,0,0,75,93,WL170.jpg,,
STIENOSa,Tjappies FC,20:07,-1,-1,True,0,0,43,0,0,0,0,86,7,5,57,1,0,2,71,94,WL164.jpg,,
Tjappies FC,Gromber,19.43,1,-1,False,7,5,62,3,0,1,71,93,0,0,38,2,1,0,0,84,WL158.jpg,,
Allez,Tjappies FC,41.29,-1,54,False,0,0,44,3,0,1,0,78,8,6,56,9,0,2,75,77,WL71.jpg,,
Tjappies FC,ERSGUTERJUNGE,90:00,2,3,False,6,5,56,9,0,1,83,91,4,4,44,10,0,0,100,87,WL65.jpg,,
HUTS FC,Tjappies FC,52.08,-1,-1,True,3,3,49,2,1,0,100,84,5,5,51,3,0,0,100,88,WL59.jpg,,
cHoPtHuNdEr,Tjappies FC,120:00,2,4,False,4,3,44,9,1,1,75,92,9,5,56,9,0,2,55,95,WL-16.jpg,,
COOLRNNINGS,Tjappies FC,120:00,-1,75,False,12,9,43,23,3,5,75,85,12,9,57,10,2,3,75,91,FIFA 21 FUT Champions (In Menus)_79.jpg,0.0,0.0
Seven FC,Tjappies FC,59:51,-1,35,False,0,0,43,7,0,1,0,85,6,6,57,7,1,0,100,97,FIFA 21 FUT Champions (In Menus)_45.jpg,,
L4BestiaNegra,Tjappies FC,90:00,5,0,False,9,8,48,17,0,1,88,94,2,2,52,7,1,2,100,90,FIFA 21 FUT Champions (In Menus)_51.jpg,,
Komt u maar,Tjappies FC,90:00,0,2,False,7,4,44,17,1,2,57,81,3,2,56,12,0,1,66,84,WL-17.jpg,,
Asturies FC,Tjappies FC,22.44,-1,-1,True,0,0,38,2,0,0,0,87,5,4,62,4,0,0,80,97,WL58.jpg,,
ASD Bastoni,Tjappies FC,90:00,4,2,False,8,6,53,6,0,0,75,87,8,8,47,6,1,3,100,89,FIFA 21 FUT Champions (In Menus)_93.jpg,,
Tjappies FC,Rhodos Grill,90:00,7,3,False,11,8,67,14,2,3,72,89,4,4,33,10,2,0,100,78,FIFA 21 FUT Champions (In Menus)_87.jpg,,
Bologna AC,Tjappies FC,90:00,1,2,False,7,5,52,16,0,3,71,88,3,2,48,10,1,0,66,91,WL335(1).jpg,,
La Fresneda CF,Tjappies FC,90:00,2,0,False,6,3,54,11,0,2,50,89,1,0,46,11,0,1,0,86,WL64.jpg,,
ESTASQUEMEGANA,Tjappies FC,34.56,-1,-1,True,0,0,46,5,0,0,0,92,4,4,54,5,0,0,100,91,WL70.jpg,,
Bruges,Tjappies FC,3.39,-1,-1,True,0,0,38,0,0,0,0,100,1,1,62,1,0,0,100,100,WL159.jpg,,
FCT x BVB,Lads on Toure,90:00,2,1,False,4,4,49,11,0,1,100,85,7,6,51,8,0,4,85,86,29-10-2020_15-27-25-xe53qw11.png,,
Srbski Orov,Tjappies FC,14.38,-1,-1,True,0,0,41,2,0,0,0,78,2,2,59,2,0,0,100,88,WL165.jpg,,
DerRoteMilan,Tjappies FC,120:00,4,77,False,10,9,39,13,2,2,90,91,15,12,61,10,3,2,80,94,FIFA 21 FUT Champions (In Menus)_111.jpg,,
Tjappies FC,KrTeAm,90:00,2,1,False,8,7,49,13,1,2,87,91,2,2,51,12,0,1,100,88,WL171.jpg,,
1 Fc Holzhacker,Tjappies FC,90:00,4,1,False,9,7,48,13,2,0,77,87,5,4,52,5,1,4,80,88,FIFA 21 FUT Champions (In Menus)_105.jpg,,
Bayer Leverdure,FCT x BVB,67:14,-1,-1,True,3,3,42,8,2,0,100,88,6,5,58,8,0,0,83,94,29-10-2020_15-27-29-5tcmzkm1.png,,
France Champion,FCT x BVB,72.48,-1,-1,True,2,1,60,2,0,0,50,93,7,7,40,9,0,2,100,86,29-10-2020_15-27-32-jsdmow4t.png,,
ajaxtreesdown,FCT x BVB,60.06,-1,-1,True,2,2,36,7,0,0,100,64,20,17,64,18,0,2,85,89,22-10-2020_13-54-55-xv35oi0u.png,,
StrokeMaKoch,FCT x BVB,90:00,3,4,False,8,6,55,4,0,2,75,88,7,7,45,13,2,0,100,82,22-10-2020_13-54-40-ahsuy2b3.png,,
WakerEintrinken,Tjappies FC,21:17,-1,-1,True,0,0,37,3,0,0,0,87,3,3,63,2,1,0,100,100,WL213.jpg,,
JAy10,Tjappies FC,49.48,-1,-1,True,2,2,48,8,0,0,100,83,8,4,52,8,0,0,50,86,WL207.jpg,,
Tjappies FC,Team Yeezy,90:00,3,3,False,4,3,49,1,1,1,75,91,8,6,51,8,0,2,75,92,Q46.jpg,,
Postnight,Tjappies FC,90:00,1,2,False,3,1,54,8,0,0,33,96,4,4,46,7,1,2,100,95,Q44.jpg,,
GARVAO FC,Tjappies FC,90:00,2,0,False,3,2,66,9,2,1,66,95,5,3,34,13,1,3,60,89,Q50.jpg,,
AlbertFC,Tjappies FC,90:00,1,5,False,4,4,46,15,0,0,100,87,6,5,54,17,1,1,83,88,WL211.jpg,,
Tjappies FC,Catamarca FC,90:00,5,3,False,6,6,44,10,0,1,100,92,5,4,56,8,1,0,80,94,WL205.jpg,,
Tjappies FC,VALDEE,49.49,-1,-1,True,9,7,52,12,1,3,77,84,1,0,48,5,1,0,0,80,WL239.jpg,,
Psemy FUT,Tjappies FC,90:00,0,3,False,1,0,45,13,2,0,0,87,7,6,55,20,0,2,85,84,WL198.jpg,,
Milan Ciuska,FCT x BVB,8.40,-1,-1,True,0,0,36,0,1,0,0,92,3,3,64,0,0,0,100,92,10-11-2020_16-35-37-pkztc23y.png,,
lil yung,FCT x BVB,29.42,-1,-1,True,0,0,47,1,0,0,0,85,3,2,53,2,0,0,66,87,29-10-2020_15-27-30-ohj2fddr.png,,
rode reetveters,Tjappies FC,90:00,5,1,False,7,7,63,14,0,1,100,89,2,2,37,8,1,1,100,91,FIFA 21 FUT Champions (In Menus)_113.jpg,,
El Patron,Tjappies FC,57.53,9,-1,False,2,1,44,11,0,1,50,84,4,4,56,9,0,2,100,88,WL167.jpg,,
NM YNWA,Tjappies FC,120:00,-1,-1,True,13,11,49,12,1,3,84,86,6,4,51,13,0,0,66,91,FIFA 21 FUT Champions (In Menus)_107.jpg,0.0,0.0
Brothers InForm,Tjappies FC,90:00,0,8,False,2,1,51,13,2,1,50,88,9,8,49,20,1,0,88,84,WL173.jpg,,
Club De Rutger,Tjappies FC,120:00,-1,2,False,6,5,55,1,0,3,83,92,5,4,45,11,2,0,80,88,WL66.jpg,0.0,0.0
Tjappies FC,SG Dynamo 1953,120:00,5,2,False,11,8,60,12,3,1,72,92,4,4,40,7,0,4,100,86,WL-29.jpg,,
FutLegend,Tjappies FC,90:00,0,8,False,4,4,43,11,2,2,100,82,14,12,57,11,0,1,85,88,WL72.jpg,,
Tjappies FC,Bestia,90:00,3,2,False,6,5,48,8,1,2,83,89,4,4,52,5,0,0,100,87,FIFA 21 FUT Champions (In Menus)_91.jpg,,
PAY TO SKILL,Tjappies FC,90:00,0,1,False,4,3,43,9,1,1,75,88,5,3,57,5,3,1,60,93,WL-15.jpg,,
AntiSocialClub,Tjappies FC,120:00,-1,75,False,9,9,51,11,2,1,100,88,7,7,49,12,1,0,100,90,FIFA 21 FUT Champions (In Menus)_85.jpg,0.0,0.0
mh milan,Tjappies FC,59.02,-1,-1,True,1,0,44,11,0,0,0,83,10,9,56,10,0,1,90,90,WL99.jpg,,
Jahuuu FC,Tjappies FC,90:00,2,4,False,5,5,48,16,2,1,100,88,7,6,52,9,1,2,85,91,FIFA 21 FUT Champions (In Menus)_47.jpg,,
HEELSPASSION,Tjappies FC,90:00,6,1,False,10,10,49,11,0,1,100,92,6,5,51,7,3,1,83,93,FIFA 21 FUT Champions (In Menus)_53.jpg,,
Aston Birr4,Tjappies FC,45.00,-1,73,False,1,1,55,6,0,0,100,92,4,3,45,9,2,0,75,86,WL98.jpg,,
kfiros FC,FCT x BVB,90:00,2,3,False,8,5,40,13,1,0,62,84,11,6,60,9,2,1,54,88,10-11-2020_16-35-44-r0jrk1v2.png,,
XXXPAC,Tjappies FC,90:00,1,4,False,6,4,46,10,0,0,66,89,7,6,54,14,0,1,85,90,WL-14.jpg,,
Flowpeur FC,Tjappies FC,53.59,-1,-1,True,3,1,49,9,1,2,33,84,6,5,51,12,0,0,83,81,WL73.jpg,,
TchokountinhoFC,Tjappies FC,90:00,2,3,False,2,2,44,11,1,0,100,88,8,6,56,11,0,1,75,91,WL-28.jpg,,
SkillerzFC,Tjappies FC,90:00,0,1,False,5,4,41,13,1,3,80,80,5,3,59,11,0,2,60,85,WL67.jpg,,
6 times,FCT x BVB,48.56,-1,-1,True,2,2,42,7,1,0,100,91,7,6,58,9,0,1,85,90,10-11-2020_16-35-49-u4ezjv15.png,,
eltigree,Tjappies FC,90:00,0,2,False,2,0,45,17,1,0,0,85,12,11,55,13,0,6,91,88,WL172.jpg,,
M3ndo7A JuNloR5,FCT x BVB,90:00,2,3,False,4,4,53,7,1,3,100,86,4,3,47,6,0,0,75,94,10-11-2020_16-35-44-34fabxke.png,,
Harv FC,Tjappies FC,90:00,2,3,False,8,8,46,13,2,2,100,86,6,5,54,15,0,0,83,89,WL199.jpg,,
Lads on Toure,Tjappies FC,90:00,0,4,False,3,1,46,15,2,1,33,83,6,6,54,17,1,0,100,87,WL166.jpg,,
Tjappies FC,The best Neymar,(5-4),-1,3,False,3,2,50,11,1,1,66,92,7,5,50,7,2,1,71,94,WL238.jpg,,
FC Sandero Boys,Tjappies FC,90:00,0,2,False,5,5,42,6,0,5,100,90,5,5,58,11,1,2,100,88,WL204.jpg,,
Tjappies FC,ALLEZLOM,90:00,3,5,False,10,6,49,5,0,3,60,90,8,7,51,7,0,1,87,90,WL210.jpg,,
JakesClub,FCT x BVB,120:00,-1,-1,True,6,5,52,15,3,0,83,88,12,10,48,14,2,0,83,93,22-10-2020_13-54-53-mmmevo5r.png,,
Tjappies FC,GARVAO FC,90:00,2,1,False,3,2,35,4,2,0,66,86,3,2,65,9,1,2,66,91,Q51.jpg,,
Tjappies FC,Postnight,85.04,-1,-1,True,5,4,49,1,0,1,80,92,1,1,51,9,0,0,100,95,Q45.jpg,,
FCT x BVB,Bopwood,90:00,4,2,False,10,8,42,4,1,2,80,86,7,6,58,11,0,2,85,88,22-10-2020_13-54-44-mlx2051z.png,,
Perrovic FC,Tjappies FC,68.44,-1,-1,True,1,1,41,12,0,0,100,87,7,6,59,15,0,3,85,89,WL228.jpg,,
Shabunited,Tjappies FC,45.00,-1,-1,True,2,2,45,4,0,0,100,85,6,6,55,5,0,0,100,84,WL214.jpg,,
Tjappies FC,GS KIRIBOYS,120:00,-1,3,False,6,6,53,12,2,1,100,89,7,7,47,11,1,1,100,89,WL200.jpg,0.0,0.0
Tjappies FC,Bilbao eSports,90:00,6,1,False,11,7,59,1,0,4,63,93,2,1,41,8,5,0,50,86,WL-9.jpg,,
ANtlpatlk,Tjappies FC,14.26,-1,-1,True,1,1,61,1,0,2,100,87,4,4,39,1,0,1,100,100,WL189.jpg,,
Bolzplatzkind,Tjappies FC,90:00,3,1,False,6,6,46,12,1,1,100,86,3,2,54,8,0,1,66,88,WL162.jpg,,
Canaglioni95,FCT x BVB,90:00,2,4,False,11,7,58,14,0,1,63,87,6,6,42,6,1,3,100,81,22-10-2020_13-54-40-znhdgmhs.png,,
baasFc,Tjappies FC,90:00,3,2,False,9,9,50,13,2,1,100,88,3,3,50,7,1,1,100,88,WL176.jpg,,
Tjappies FC,KNOPHOOFD,57.41,-1,-1,True,8,7,55,10,0,3,87,95,1,0,45,9,1,0,0,87,WL-10.jpg,,
Tjappies FC,HSV1887,90:00,6,2,False,11,9,54,10,0,4,81,91,3,2,46,13,2,0,66,82,WL63.jpg,,
Tjappies FC,FC Rambo,90:00,4,1,False,6,4,47,17,0,0,66,86,4,3,53,11,1,0,75,92,WL77.jpg,,
OpaJasonGunnsen,Tjappies FC,90:00,3,1,False,3,3,47,21,2,0,100,81,7,5,53,14,1,3,71,90,WL-38.jpg,,
Kvarnis FC,Tjappies FC,53.59,-1,-1,True,2,1,40,6,0,1,50,84,5,4,60,6,0,0,80,91,FIFA 21 FUT Champions (In Menus)_57.jpg,,
FC Rupplyn,Tjappies FC,90:00,5,2,False,14,10,55,11,1,2,71,94,5,5,45,12,1,0,100,88,FIFA 21 FUT Champions (In Menus)_43.jpg,,
Tjappies FC,Sant Dormunt,45.00,-1,-1,True,7,6,55,1,0,2,85,98,3,2,45,9,0,0,66,91,WL348.jpg,,
IM BAD FC,Tjappies FC,18.49,-1,-1,True,1,0,52,0,0,0,0,97,2,2,48,1,0,0,100,96,WL88.jpg,,
Special,Tjappies FC,62.38,-1,-1,True,3,2,45,6,2,1,66,82,7,5,55,9,0,1,71,92,WL349.jpg,,
Tiki Taka,Tjappies FC,90:00,4,0,False,10,8,55,9,0,2,80,97,0,0,45,14,0,0,0,88,WL89.jpg,,
TEAM VARGAS,Tjappies FC,90:00,0,4,False,0,0,59,8,1,0,0,91,12,10,41,15,1,5,83,85,WL-39.jpg,,
Tjappies FC,FC BARRIXxl6,21.36,-1,-1,True,3,3,56,4,0,0,100,91,0,0,44,5,0,0,0,86,WL76.jpg,,
Catalunya,Tjappies FC,36:36,-1,-1,True,1,1,45,3,2,0,100,88,5,4,55,4,0,1,80,88,WL62.jpg,,
DUX 1900,Tjappies FC,53:39,-1,-1,True,3,3,34,2,0,1,100,82,6,6,66,6,1,1,100,87,FIFA 21 FUT Champions (In Menus)_81.jpg,,
POPOYE FC,Tjappies FC,90:00,0,3,False,0,0,53,10,0,0,0,88,9,6,47,5,0,1,66,95,WL-11.jpg,,
Division long,Tjappies FC,41.24,-1,-1,True,3,1,45,1,0,1,33,85,10,7,55,0,0,3,70,97,FIFA 21 FUT Champions (In Menus)_95.jpg,,
Tjappies FC,TakeThel ,45.00,-1,-1,True,5,3,64,5,0,0,60,95,1,1,36,9,0,1,100,79,WL177.jpg,,
Tjappies FC,TETRASTEROL,120:00,3,72,False,10,8,38,10,1,0,80,87,11,8,62,13,1,4,72,90,FIFA 21 FUT Champions (In Menus)_103.jpg,,
DIDKO NICHEV,Tjappies FC,26.49,-1,-1,True,0,0,39,2,0,0,0,82,3,3,61,4,0,0,100,89,WL163.jpg,,
Bah Ouai LOGIK,Tjappies FC,37.02,-1,-1,True,3,2,59,1,0,0,66,90,8,6,41,2,0,1,75,97,WL-8.jpg,,
Woudestein,Tjappies FC,49.48,-1,-1,True,1,1,43,13,0,0,100,75,4,4,57,7,0,0,100,89,WL188.jpg,,
FCT x BVB,Boyz Brigade,90:00,8,3,False,12,12,54,12,0,2,100,88,8,6,46,5,1,3,75,87,29-10-2020_15-27-25-jf4ekw0k.png,,
CSKA LA ROPA,Tjappies FC,65.59,-1,-1,True,1,1,48,3,0,1,100,89,5,5,52,8,0,1,100,89,WL201.jpg,,
Bordeaux US,Tjappies FC,12.54,-1,-1,True,1,0,43,4,0,0,0,77,2,1,57,0,1,0,50,100,WL215.jpg,,
IBRAKADABRA,Tjappies FC,90:00,1,4,False,2,2,50,10,1,1,100,88,9,7,50,11,1,3,77,90,WL229.jpg,,
Tjappies FC,NOTORIOUS LUQl,90:00,1,0,False,7,5,62,12,0,2,71,90,6,3,38,8,1,2,50,86,Q42.jpg,,
Tjappies FC,TheDol,45.00,-1,-1,True,4,3,54,6,0,1,75,92,1,0,46,7,0,0,0,89,WL203.jpg,,
karabancheL,Tjappies FC,6.36,-1,-1,True,0,0,38,0,1,0,0,90,1,1,62,2,0,0,100,92,WL217.jpg,,
Hello You Kante,FCT x BVB,6.29,-1,-1,True,0,0,29,0,0,0,0,75,3,3,71,1,0,0,100,100,29-10-2020_15-27-33-cmbqyopm.png,,
SG MU,Tjappies FC,90:00,3,4,False,4,4,47,10,0,0,100,89,5,5,53,11,1,0,100,87,WL149.jpg,,
INLA FC,Tjappies FC,120:00,-1,2,False,4,3,51,13,2,0,75,89,9,8,49,6,0,1,88,93,FIFA 21 FUT Champions (In Menus)_101.jpg,0.0,0.0
Real Coholicos,Tjappies FC,81.55,-1,-1,True,5,2,47,13,3,2,40,84,7,5,53,7,1,0,71,90,WL175.jpg,,
AyoubFC,Tjappies FC,120:00,0,1,False,2,2,50,17,1,1,100,89,4,3,50,18,2,2,75,92,WL161.jpg,,
Tjappies FC,Borussia Donuts,85:11,55,-1,False,10,9,54,8,0,0,90,90,7,3,46,11,1,1,42,90,FIFA 21 FUT Champions (In Menus)_83.jpg,,
Tjappies FC,Arezzo FC,25.36,-1,-1,True,5,5,62,2,0,1,100,97,2,0,38,2,0,0,0,92,FIFA 21 FUT Champions (In Menus)_97.jpg,,
OleGunnerGetYa,Tjappies FC,90:00,2,3,False,6,6,44,9,1,2,100,86,8,7,56,7,1,1,87,89,WL-13.jpg,,
Tjappies FC,Mowgliii,80:16,-1,-1,True,9,7,48,13,1,1,77,84,2,0,52,4,0,0,0,91,WL74.jpg,,
Romano FC,Tjappies FC,13.53,-1,-1,True,0,0,43,2,0,0,0,81,2,2,57,3,0,0,100,92,WL60.jpg,,
Tjappies FC,NRD RAYKKU,37.38,-1,-1,True,7,7,56,4,1,1,100,87,0,0,44,0,0,0,0,86,WL8.jpg,,
Tjappies FC,LA PIRATERIE,90:00,4,1,False,9,6,62,8,0,2,66,87,2,1,38,13,1,2,50,81,FIFA 21 FUT Champions (In Menus)_69.jpg,,
Tomasik POL,Tjappies FC,21.50,-1,523,False,0,0,40,2,1,0,0,76,3,3,60,1,0,2,100,84,WL9.jpg,,
Tjappies FC,la Capa,90:00,3,1,False,6,5,53,4,3,1,83,85,9,6,47,15,0,2,66,83,FIFA 21 FUT Champions (In Menus)_55.jpg,,
Tjappies FC,FC Currywurst,90:00,4,3,False,7,5,52,9,1,1,71,85,7,6,48,9,0,1,85,90,FIFA 21 FUT Champions (In Menus)_41.jpg,,
L2 SPAM,Tjappies FC,33:15,-1,-1,True,0,0,47,2,0,0,0,85,3,2,53,3,0,1,66,92,WL61.jpg,,
Medway Dons,Tjappies FC,45.00,-1,-1,True,5,4,42,10,1,0,80,79,7,6,58,7,2,0,85,85,WL75.jpg,,
AS RAJIONEVOLI,Tjappies FC,53.29,-1,431,False,1,1,39,1,2,1,100,81,7,4,61,6,0,2,57,85,WL-12.jpg,,
Tjappies FC,fc JakeLaNutria,45.00,-1,4,False,4,4,51,5,1,0,100,87,0,0,49,4,2,0,0,87,WL160.jpg,,
MOL Xl,Tjappies FC,34.27,-1,-1,True,2,1,49,5,0,1,50,82,4,3,51,5,0,1,75,84,WL174.jpg,,
FateBriinger57,Tjappies FC,120:00,-1,3,False,4,4,54,9,0,0,100,92,5,5,46,13,2,0,100,92,WL148.jpg,0.0,0.0
Conzies Angels,Tjappies FC,120:00,-1,2,False,7,4,42,31,4,0,57,76,7,4,58,16,1,1,57,85,WL216.jpg,0.0,0.0
ILikeUrTeamg,FCT x BVB,83:08,-1,-1,True,5,4,50,7,1,3,80,85,9,8,50,10,0,0,88,90,10-11-2020_16-35-36-0ag1a4hv.png,,
Tjappies FC,ALBA BERLIN,90:00,2,1,False,9,5,54,8,1,3,55,87,6,3,46,8,0,2,50,85,WL202.jpg,,
NOTORIOUS LUQL,Tjappies FC,90:00,1,2,False,1,1,37,12,0,3,100,81,2,2,63,13,2,0,100,87,Q43.jpg,,
Dirty Dogs,FCT x BVB,17.40,-1,-1,True,0,0,55,2,0,0,0,90,3,3,45,1,0,0,100,95,29-10-2020_15-27-30-av5jrfhx.png,,
Boyd FC,FCT x BVB,33:13,-1,-1,True,1,1,40,7,2,0,100,86,5,5,60,5,0,3,100,89,10-11-2020_16-35-49-5sn1kytp.png,,
